# Host: localhost  (Version 5.7.22-log)
# Date: 2018-09-15 00:19:37
# Generator: MySQL-Front 6.0  (Build 2.20)


#
# Structure for table "admin"
#

DROP TABLE IF EXISTS `admin`;
CREATE TABLE `admin` (
  `id` int(11) NOT NULL AUTO_INCREMENT,
  `name` varchar(100) DEFAULT NULL,
  `pwd` varchar(100) DEFAULT NULL,
  `addtime` datetime DEFAULT NULL,
  PRIMARY KEY (`id`),
  UNIQUE KEY `name` (`name`),
  KEY `ix_admin_addtime` (`addtime`)
) ENGINE=InnoDB AUTO_INCREMENT=2 DEFAULT CHARSET=utf8;

#
# Data for table "admin"
#

INSERT INTO `admin` VALUES (1,'eric','pbkdf2:sha256:50000$ZuWZc1mz$cc0dd22a9dc5d15cfe45c5537927ccffba5dbc40a99b001ea7463326d1b7cbf7','2018-09-04 18:50:32');

#
# Structure for table "blog"
#

DROP TABLE IF EXISTS `blog`;
CREATE TABLE `blog` (
  `id` int(11) NOT NULL AUTO_INCREMENT,
  `title` varchar(255) DEFAULT NULL,
  `content` text,
  `addtime` datetime DEFAULT NULL,
  PRIMARY KEY (`id`),
  UNIQUE KEY `title` (`title`),
  KEY `ix_blog_addtime` (`addtime`)
) ENGINE=InnoDB DEFAULT CHARSET=utf8;

#
# Data for table "blog"
#


#
# Structure for table "tag"
#

DROP TABLE IF EXISTS `tag`;
CREATE TABLE `tag` (
  `id` int(11) NOT NULL AUTO_INCREMENT,
  `name` varchar(100) DEFAULT NULL,
  `num` bigint(20) DEFAULT NULL,
  `addtime` datetime DEFAULT NULL,
  PRIMARY KEY (`id`),
  UNIQUE KEY `name` (`name`),
  KEY `ix_tag_addtime` (`addtime`)
) ENGINE=InnoDB AUTO_INCREMENT=11 DEFAULT CHARSET=utf8;

#
# Data for table "tag"
#

INSERT INTO `tag` VALUES (1,'电影资源',1,'2018-09-07 17:13:29'),(2,'电视剧资源',2,'2018-09-07 17:24:08'),(3,'影视周边',3,'2018-09-07 17:24:22'),(4,'阅读',4,'2018-09-07 17:24:49'),(5,'音乐',5,'2018-09-07 17:25:04'),(6,'学习园地',6,'2018-09-07 17:25:13'),(7,'模板素材',7,'2018-09-07 17:25:35'),(8,'软件工具',8,'2018-09-07 17:25:48'),(9,'福利小站',9,'2018-09-07 17:25:59');

#
# Structure for table "tagname"
#

DROP TABLE IF EXISTS `tagname`;
CREATE TABLE `tagname` (
  `id` int(11) NOT NULL AUTO_INCREMENT,
  `name` varchar(100) DEFAULT NULL,
  `addtime` datetime DEFAULT NULL,
  `tag_id` int(11) DEFAULT NULL,
  PRIMARY KEY (`id`),
  UNIQUE KEY `name` (`name`),
  KEY `tag_id` (`tag_id`),
  KEY `ix_tagname_addtime` (`addtime`),
  CONSTRAINT `tagname_ibfk_1` FOREIGN KEY (`tag_id`) REFERENCES `tag` (`id`)
) ENGINE=InnoDB AUTO_INCREMENT=46 DEFAULT CHARSET=utf8;

#
# Data for table "tagname"
#

INSERT INTO `tagname` VALUES (1,'最新电影','2018-09-08 15:03:41',1),(2,'在线电影','2018-09-08 15:04:06',1),(3,'网盘资源','2018-09-08 15:04:35',1),(4,'BT资源','2018-09-08 15:04:45',1),(5,'生肉资源','2018-09-08 15:04:53',1),(6,'欧美剧','2018-09-08 15:05:16',2),(7,'韩剧','2018-09-08 15:05:25',2),(8,'日剧','2018-09-08 15:05:29',2),(9,'国产剧','2018-09-08 15:05:34',2),(10,'动漫','2018-09-08 15:05:38',2),(11,'纪录片','2018-09-08 15:05:47',2),(12,'字幕组','2018-09-08 15:06:59',3),(13,'资讯','2018-09-08 15:07:07',3),(14,'影视大v','2018-09-08 15:07:16',3),(15,'影视工具','2018-09-08 15:07:24',3),(16,'网络小说','2018-09-08 15:07:53',4),(17,'电子书','2018-09-08 15:08:00',4),(18,'有声读物','2018-09-08 15:08:08',4),(19,'漫画','2018-09-08 15:08:14',4),(20,'杂志','2018-09-08 15:08:19',4),(21,'文字社区','2018-09-08 15:08:25',4),(22,'在线音乐','2018-09-08 15:08:44',5),(23,'高清MV','2018-09-08 15:08:54',5),(24,'音乐下载','2018-09-08 15:09:02',5),(25,'音乐社区','2018-09-08 15:09:08',5),(26,'知识文库','2018-09-08 15:09:23',6),(27,'在线课程','2018-09-08 15:09:30',6),(28,'考研','2018-09-08 15:09:37',6),(29,'学习英语','2018-09-08 15:09:43',6),(30,'高清图库','2018-09-08 15:09:53',7),(31,'图标','2018-09-08 15:10:00',7),(32,'字体','2018-09-08 15:10:06',7),(33,'音效','2018-09-08 15:10:16',7),(34,'简历模板','2018-09-08 15:10:25',7),(35,'PPT模板','2018-09-08 15:10:34',7),(36,'灵感创意','2018-09-08 15:10:41',7),(37,'软件应用','2018-09-08 15:10:57',8),(38,'在线工具','2018-09-08 15:11:05',8),(39,'图片工具','2018-09-08 15:11:12',8),(40,'GIF工具','2018-09-08 15:11:19',8),(41,'斗图工具','2018-09-08 15:11:33',8),(42,'PDF工具','2018-09-08 15:11:38',8),(43,'公共场合不宜','2018-09-08 15:11:57',9),(44,'内涵社区','2018-09-08 15:12:04',9),(45,'你懂得','2018-09-08 15:12:09',9);

#
# Structure for table "tagurl"
#

DROP TABLE IF EXISTS `tagurl`;
CREATE TABLE `tagurl` (
  `id` int(11) NOT NULL AUTO_INCREMENT,
  `name` varchar(100) DEFAULT NULL,
  `url` varchar(100) DEFAULT NULL,
  `addtime` datetime DEFAULT NULL,
  `tagname_id` int(11) DEFAULT NULL,
  PRIMARY KEY (`id`),
  UNIQUE KEY `name` (`name`),
  UNIQUE KEY `url` (`url`),
  KEY `tagname_id` (`tagname_id`),
  KEY `ix_tagurl_addtime` (`addtime`),
  CONSTRAINT `tagurl_ibfk_1` FOREIGN KEY (`tagname_id`) REFERENCES `tagname` (`id`)
) ENGINE=InnoDB AUTO_INCREMENT=560 DEFAULT CHARSET=utf8;

#
# Data for table "tagurl"
#

INSERT INTO `tagurl` VALUES (2,'电影首发站','http://www.dysfz.cc/','2018-09-08 16:15:12',1),(3,'骑士影院','http://www.74zu.com/','2018-09-08 16:24:06',2),(4,'去转盘','http://www.quzhuanpan.com/','2018-09-08 16:25:10',3),(5,'磁力猫','https://www.cilimao.me/','2018-09-08 16:25:33',4),(7,'人人影视','http://www.zimuzu.io/','2018-09-08 16:27:04',6),(8,'韩饭网','http://www.hanfan.cc/hanju/','2018-09-08 16:28:11',7),(9,'追新番','http://zhuixinfan.com/main.php','2018-09-08 16:28:47',8),(10,'猪猪日部落','http://www.zzrbl.com/','2018-09-08 16:29:08',8),(11,'6V国剧','http://www.6vhao.tv/dlz/','2018-09-08 17:11:08',9),(12,'A站','http://www.acfun.cn/','2018-09-08 17:11:29',10),(13,'B站','https://www.bilibili.com/','2018-09-08 17:11:45',10),(14,'纪录片天地','http://www.jlpcn.net/','2018-09-08 17:12:06',11),(16,'追书神器','http://www.zhuishushenqi.com/','2018-09-08 17:13:33',17),(17,'SubHub','http://subhd.com/','2018-09-09 23:35:16',12),(18,'豆瓣电影','https://movie.douban.com/','2018-09-09 23:35:50',13),(19,'实时票房','http://www.cbooo.cn/','2018-09-09 23:37:23',15),(20,'电影工厂','https://weibo.com/moviefactory','2018-09-09 23:37:52',14),(21,'七点中文网','https://www.qidian.com/','2018-09-09 23:38:41',16),(22,'天天美剧','http://www.ttmeiju.vip/','2018-09-10 21:27:15',6),(23,'Neets','https://neets.cc/','2018-09-10 21:27:44',6),(24,'美剧天堂','http://www.meijutt.com/','2018-09-10 21:28:13',6),(25,'一站搜','videos.yizhansou.com','2018-09-10 21:28:39',6),(26,'电影日志','http://www.dyrizhi.com/','2018-09-10 21:29:21',6),(27,'翻托邦美剧','https://fantopia.club/','2018-09-10 21:29:42',6),(28,'翻托邦美剧冰冰字幕','https://www.icezmz.com/','2018-09-10 21:29:56',6),(29,'ssk字幕组','http://sskzmz.com/','2018-09-10 21:31:47',6),(30,'电波字幕组','dbfansub.com','2018-09-10 21:32:12',6),(31,'Orange字幕组','http://www.orangesub.com/','2018-09-10 21:32:39',6),(32,'MAG磁力','http://oabt004.com','2018-09-10 21:33:14',6),(33,'热播网','http://www.y3600.com/hanju/','2018-09-10 22:06:39',7),(34,'韩剧网','http://www.hanju.cc','2018-09-10 22:06:55',7),(35,'隐社','http://www.hideystudio.com/drama/','2018-09-10 22:35:57',8),(36,'91日剧','http://www.91riju.com/','2018-09-10 22:36:09',8),(37,'日菁字幕组','http://www.mytvbt.net/forumdisplay.php?fid=6','2018-09-10 22:36:09',8),(38,'光合社','http://pssclub.com/forum.php','2018-09-10 22:36:09',8),(39,'东京不够热','http://www.tokyonothot.com/portal.php','2018-09-10 22:38:26',7),(40,'首发站tv','http://www.dysfz.cc/tv/','2018-09-10 22:38:26',9),(42,'暖光影视','http://v.sunbook.cc/','2018-09-10 22:38:26',9),(44,'80tv','http://www.80s.tw/ju/list/----9-','2018-09-10 22:38:26',9),(45,'乐赏剧集','http://www.gscq.me/','2018-09-10 22:38:28',9),(46,'D站','http://www.dilidili.wang/','2018-09-10 22:39:03',10),(47,'M站','http://www.missevan.com/','2018-09-10 22:39:03',10),(48,'爱恋动漫','http://www.kisssub.org/','2018-09-10 22:39:04',10),(49,'动漫花园','https://share.dmhy.org/','2018-09-10 22:39:04',10),(50,'Mikan','https://mikanani.me/','2018-09-10 22:39:04',10),(51,'简单动漫','http://www.36dm.com/','2018-09-10 22:39:04',10),(52,'喵搜','https://nyaso.com/','2018-09-10 22:39:04',10),(53,'漫猫动漫','http://www.comicat.org/','2018-09-10 22:39:04',10),(54,'萌番组','https://bangumi.moe/','2018-09-10 22:39:04',10),(55,'稻田装尸','http://www.dm2046.com/','2018-09-10 22:39:04',10),(56,'ACG狗狗','http://bt.acg.gg/','2018-09-10 22:39:04',10),(57,'月影动漫','http://www.moonbt.com/','2018-09-10 22:39:04',10),(58,'爱看番动漫','http://www.ikanfan.com/','2018-09-10 22:39:04',10),(59,'枫雪动漫','http://bbs.opfans.org/forum.php','2018-09-10 22:39:05',10),(74,'老记录','https://www.laojilu.com/','2018-09-10 22:42:44',11),(75,'公开课纪录片','http://www.onehourlife.com/','2018-09-10 22:42:44',11),(76,'行者物语纪录片','http://jilupian.xzwyu.com/','2018-09-10 22:42:44',11),(77,'优酷纪实','http://jilupian.youku.com/','2018-09-10 22:42:44',11),(78,'央视记实','http://jishi.cctv.com/','2018-09-10 22:42:44',11),(79,'搜狐纪录片','http://tv.sohu.com/documentary/','2018-09-10 22:42:44',11),(80,'爱奇艺纪录片','http://www.iqiyi.com/jilupian/','2018-09-10 22:42:44',11),(81,'腾讯纪录片','http://v.qq.com/doco/','2018-09-10 22:42:45',11),(82,'字幕库','http://www.zimuku.cn/','2018-09-10 22:43:50',12),(83,'伪射手','http://assrt.net/','2018-09-10 22:43:50',12),(84,'subom','http://www.subom.org/','2018-09-10 22:43:50',12),(85,'R3字幕','https://r3sub.com/','2018-09-10 22:43:50',12),(86,'字幕天堂','http://www.zmtiantang.com/','2018-09-10 22:43:50',12),(87,'精研社','http://www.hd.club.tw/forum-25-1.html','2018-09-10 22:43:50',12),(89,'诸神字幕组','http://www.kamigami.org/','2018-09-10 22:43:50',12),(91,'TLF字幕组','http://sub.eastgame.org/','2018-09-10 22:43:50',12),(92,'破烂熊字幕组','https://weibo.com/ragbear2007','2018-09-10 22:43:50',12),(94,'同志亦凡人','http://www.qafone.co/','2018-09-10 22:43:50',12),(96,'FIX字幕侠','http://www.zimuxia.cn/','2018-09-10 22:43:50',12),(98,'时光网','http://www.mtime.com/','2018-09-10 22:54:05',13),(99,'IMDB','http://www.imdb.com/','2018-09-10 22:54:05',13),(100,'烂番茄','https://www.rottentomatoes.com/','2018-09-10 22:54:06',13),(101,'MTC','http://www.metacritic.com/','2018-09-10 22:54:06',13),(102,'天涯小筑','http://tvfantasy.net/','2018-09-10 22:54:06',13),(103,'开眼电影','http://www.atmovies.com.tw/movie/','2018-09-10 22:54:06',13),(104,'电影海报','http://www.impawards.com/','2018-09-10 22:54:06',13),(105,'次等水货','https://weibo.com/cidengshuihuo','2018-09-10 22:54:50',14),(106,'桃桃淘电影','https://weibo.com/206494942','2018-09-10 22:54:50',14),(107,'毒舌电影','https://weibo.com/dsmovie','2018-09-10 22:54:50',14),(108,'李小军的电影日常','https://weibo.com/lixiaojun9527','2018-09-10 22:54:50',14),(109,'刘哔电影','https://weibo.com/liubimovie','2018-09-10 22:54:50',14),(110,'电影特搜','https://weibo.com/u/2864008873','2018-09-10 22:54:50',14),(111,'松子电影','https://weibo.com/u/2686330651','2018-09-10 22:54:50',14),(112,'亵渎电影','https://weibo.com/zhangzongqian','2018-09-10 22:54:50',14),(113,'刷电影老太太','https://weibo.com/batefei','2018-09-10 22:54:50',14),(114,'电影幕后故事','https://weibo.com/moviefansclub','2018-09-10 22:54:50',14),(115,'电影Mark','https://weibo.com/208882127','2018-09-10 22:54:50',14),(116,'守望好莱坞','https://weibo.com/sinahollyworld','2018-09-10 22:54:50',14),(117,'独立鱼','https://weibo.com/duliyu','2018-09-10 22:54:50',14),(118,'整点电影','https://weibo.com/u/2315579285','2018-09-10 22:54:50',14),(119,'方君荐电影','https://weibo.com/u/2302129312','2018-09-10 22:54:50',14),(120,'影评老大爷暗夜骑士','https://weibo.com/cfcu','2018-09-10 22:54:50',14),(121,'MovieMonster','https://weibo.com/MovieMonster','2018-09-10 22:54:50',14),(122,'青红造了个白','https://weibo.com/qonghongzaolegebai','2018-09-10 22:54:50',14),(123,'发条张','https://weibo.com/zhangchuan307','2018-09-10 22:54:50',14),(124,'种子转磁力','http://www.torrent.org.cn/','2018-09-10 22:55:23',15),(125,'美剧时间更新表','http://huo360.com/calendar','2018-09-10 22:55:23',15),(126,'美剧背景音乐','https://www.tunefind.com/','2018-09-10 22:55:23',15),(127,'短片视频','http://www.vmovier.com/','2018-09-10 22:55:23',15),(128,'预告片世界','http://yugaopian.cn/','2018-09-10 22:55:23',15),(129,'VIP视频解析','http://www.qmaile.com/','2018-09-10 22:55:23',15),(130,'知轩藏书','http://www.zxcs8.com/','2018-09-10 22:56:43',16),(131,'owllook搜索','https://www.owllook.net/','2018-09-10 22:56:43',16),(132,'言情小说吧','https://www.xs8.cn/','2018-09-10 22:56:43',16),(133,'搜读','http://www.soduso.com/','2018-09-10 22:56:43',16),(134,'笔趣阁','http://www.biquge5200.com/','2018-09-10 22:56:43',16),(135,'顶点小说','http://www.x23us.com/','2018-09-10 22:56:43',16),(136,'下书网','https://www.xiashu.cc/','2018-09-10 22:56:43',16),(137,'混混小说','https://www.hunhun520.com/','2018-09-10 22:56:43',16),(138,'逐浪小说网','http://www.zhulang.com/','2018-09-10 22:56:43',16),(139,'幻剑书盟','http://hjsm.tom.com/','2018-09-10 22:56:43',16),(140,'小说阅读网','https://www.readnovel.com/','2018-09-10 22:56:43',16),(141,'起点女生网','https://www.qdmm.com/','2018-09-10 22:56:43',16),(142,'磨铁中文网','http://www.motie.com/','2018-09-10 22:56:43',16),(143,'久久小说','http://www.jjxsw.com/','2018-09-10 22:56:43',16),(144,'最易读','http://zuiyidu.com/','2018-09-10 22:56:43',16),(145,'晋江文学','http://www.jjwxc.net/','2018-09-10 22:56:43',16),(146,'创世中文网','http://chuangshi.qq.com/','2018-09-10 22:56:43',16),(147,'书包网','https://www.bookbao8.com/','2018-09-10 22:56:43',16),(148,'二次元小说','http://www.8kana.com/','2018-09-10 22:56:43',16),(149,'17K小说网','http://www.17k.com/','2018-09-10 22:56:43',16),(150,'潇湘书院','http://www.xxsy.net/','2018-09-10 22:56:43',16),(151,'红袖添香','https://www.hongxiu.com/','2018-09-10 22:56:43',16),(152,'纵横中文网','http://www.zongheng.com/','2018-09-10 22:56:43',16),(154,'铅笔小说','https://www.23qb.com/','2018-09-10 22:56:44',16),(156,'奇书网','https://www.qisuu.com/','2018-09-10 22:58:22',17),(157,'书伴','https://bookfere.com/','2018-09-10 22:58:22',17),(158,'走读派','http://www.zoudupai.com/','2018-09-10 22:58:22',17),(159,'我的小书屋','http://mebook.cc/','2018-09-10 22:58:22',17),(160,'掌上书苑','https://www.cnepub.com/','2018-09-10 22:58:22',17),(161,'iDesks','http://idesks.me/','2018-09-10 22:58:22',17),(162,'好读','http://haodoo.net/?M=hd&P=welcome','2018-09-10 22:58:22',17),(163,'醒客读书','http://www.xkreading.com/','2018-09-10 22:58:22',17),(164,'多看阅读','http://www.duokan.com/','2018-09-10 22:58:22',17),(175,'喜马拉雅','http://www.ximalaya.com/','2018-09-10 22:59:15',18),(176,'懒人听书','http://www.lrts.me/','2018-09-10 22:59:15',18),(177,'趣听书','http://qutingshu.com/','2018-09-10 22:59:15',18),(178,'天方听书','http://www.tingbook.com/','2018-09-10 22:59:15',18),(179,'静雅思听','http://www.justing.com.cn/#/home/recommend','2018-09-10 22:59:15',18),(180,'有声听书','http://www.ysts8.com/','2018-09-10 22:59:15',18),(181,'听中国','http://www.tingchina.com/','2018-09-10 22:59:15',18),(182,'悦读FM','http://yuedu.fm/','2018-09-10 22:59:15',18),(183,'中国评书网','http://www.zgpingshu.com/','2018-09-10 22:59:15',18),(184,'我听评书','http://www.5tps.com/','2018-09-10 22:59:15',18),(185,'评书吧','http://www.pingshu8.com/','2018-09-10 22:59:16',18),(186,'暴走漫画','http://baozoumanhua.com/','2018-09-10 22:59:45',19),(187,'有妖气','http://www.u17.com/','2018-09-10 22:59:45',19),(188,'快看漫画','http://www.kuaikanmanhua.com/','2018-09-10 22:59:45',19),(189,'动漫之家','http://manhua.dmzj.com/','2018-09-10 22:59:45',19),(190,'动漫屋','http://www.dm5.com/','2018-09-10 22:59:45',19),(191,'知音动漫','http://www.zymk.cn/','2018-09-10 22:59:45',19),(192,'极速漫画','http://www.1kkk.com/','2018-09-10 22:59:45',19),(193,'搜漫画','http://www.somanhua.com/','2018-09-10 22:59:45',19),(194,'鼠绘漫画','http://www.ishuhui.com/cartoon','2018-09-10 22:59:45',19),(195,'漫本','http://www.manben.com/','2018-09-10 22:59:45',19),(196,'KuKu动漫','http://comic.kukudm.com/','2018-09-10 22:59:45',19),(197,'SF漫画','http://comic.sfacg.com/','2018-09-10 22:59:45',19),(198,'18劲动漫','http://www.18jdm.com/','2018-09-10 22:59:45',19),(199,'漫漫漫画','http://www.manmanapp.com/','2018-09-10 22:59:45',19),(200,'漫画柜','http://www.manhuagui.com/','2018-09-10 22:59:45',19),(201,'轻之阅读','http://www.linovel.net/','2018-09-10 22:59:45',19),(202,'布卡漫画','http://www.buka.cn/','2018-09-10 22:59:45',19),(203,'V漫画','http://manhua.weibo.com/','2018-09-10 22:59:45',19),(204,'vol漫画','http://vol.moe/','2018-09-10 22:59:45',19),(205,'腾讯动漫','http://ac.qq.com/','2018-09-10 22:59:45',19),(206,'网易动漫','https://manhua.163.com/','2018-09-10 22:59:46',19),(207,'读者在线','http://www.52duzhe.com/','2018-09-10 23:00:12',20),(208,'意林在线','http://www.92yilin.com/','2018-09-10 23:00:12',20),(209,'故事会在线','http://www.92gushi.com/','2018-09-10 23:00:12',20),(210,'走盘网','http://www.zoupan.com/category/mianfeizazhi/','2018-09-10 23:00:12',20),(211,'PDF之家','http://www.pdfzj.com/','2018-09-10 23:00:12',20),(212,'十月的杂货铺','https://weibo.com/pcpx','2018-09-10 23:00:12',20),(213,'原版君','https://weibo.com/magazine8','2018-09-10 23:00:12',20),(214,'若蓝格','http://www.ifblue.net/','2018-09-10 23:00:12',20),(215,'Bucee杂志馆','http://www.freelian.com/','2018-09-10 23:00:12',20),(216,'杂志惠','http://www.zazhihui.net/','2018-09-10 23:00:12',20),(217,'高清杂志网','http://www.gqzzw.com/','2018-09-10 23:00:13',20),(218,'豆瓣读书','https://book.douban.com/','2018-09-10 23:00:38',21),(219,'简书','http://www.jianshu.com/','2018-09-10 23:00:38',21),(220,'鸠摩搜书','https://www.jiumodiary.com/','2018-09-10 23:00:38',21),(221,'浩扬励志','http://www.9lizhi.com/','2018-09-10 23:00:38',21),(222,'周读','http://www.ireadweek.com/','2018-09-10 23:00:38',21),(223,'观点网','http://www.guandn.com/','2018-09-10 23:00:38',21),(224,'左岸读书','http://www.zreading.cn/','2018-09-10 23:00:38',21),(225,'读书小站','http://ibooks.org.cn/','2018-09-10 23:00:38',21),(226,'书问','http://www.bookask.com/','2018-09-10 23:00:38',21),(227,'书格','https://shuge.org/','2018-09-10 23:00:38',21),(228,'鲸鱼阅读','http://www.jingyu.com/','2018-09-10 23:00:38',21),(229,'兔耳日记','http://www.tuer.me/','2018-09-10 23:00:38',21),(230,'网易云音乐','http://music.163.com/','2018-09-10 23:01:10',22),(231,'虾米音乐','http://www.xiami.com/','2018-09-10 23:01:10',22),(232,'QQ音乐','https://y.qq.com/','2018-09-10 23:01:10',22),(233,'酷狗音乐','http://www.kugou.com/','2018-09-10 23:01:10',22),(234,'酷我音乐','http://www.kuwo.cn/','2018-09-10 23:01:10',22),(235,'百度音乐','http://music.baidu.com/','2018-09-10 23:01:10',22),(236,'豆瓣FM','https://douban.fm/','2018-09-10 23:01:10',22),(237,'咪咕音乐','http://www.migu.cn/music.html','2018-09-10 23:01:10',22),(238,'喜马拉雅FM','http://www.ximalaya.com','2018-09-10 23:01:10',22),(239,'5sing音乐','http://5sing.kugou.com/index.html','2018-09-10 23:01:10',22),(240,'echo回声','http://www.app-echo.com','2018-09-10 23:01:10',22),(241,'一听音乐','http://www.1ting.com/','2018-09-10 23:01:10',22),(242,'九天音乐','http://www.9sky.com/','2018-09-10 23:01:10',22),(243,'余声','http://itwusun.com/','2018-09-10 23:01:10',22),(244,'乐鼠无牙','http://www.nofm.cn/','2018-09-10 23:01:10',22),(245,'班得瑞','https://www.bandari.net/','2018-09-10 23:01:11',22),(246,'音悦台','http://www.yinyuetai.com/','2018-09-10 23:01:33',23),(247,'腾讯MV','http://v.qq.com/music/','2018-09-10 23:01:33',23),(248,'爱奇艺MV','http://music.iqiyi.com/','2018-09-10 23:01:33',23),(249,'酷狗MV','http://www.kugou.com/mvweb/html/','2018-09-10 23:01:33',23),(250,'酷我MV','http://www.kuwo.cn/mv/','2018-09-10 23:01:33',23),(251,'真乐网','http://www.truemv.com/','2018-09-10 23:01:33',23),(252,'170MV','http://www.170mv.com/','2018-09-10 23:01:33',23),(253,'HDMV','http://www.hdmv.org/','2018-09-10 23:01:33',23),(254,'无损音乐网','http://wusunyinyue.cn/forum.php','2018-09-10 23:01:58',24),(255,'磨坊音乐','http://www.moofeel.com/','2018-09-10 23:01:58',24),(256,'91听歌网','http://www.91tingge.com/','2018-09-10 23:01:58',24),(257,'51ape','http://www.51ape.com/','2018-09-10 23:01:58',24),(258,'88六音乐','http://www.88liu.com/','2018-09-10 23:01:58',24),(259,'ape8音乐','http://ape8.cn/','2018-09-10 23:01:58',24),(260,'SACD音乐','https://sacdr.net/plugin.php?id=comeing_guide','2018-09-10 23:01:58',24),(261,'Hires后花园','https://trix360.com/','2018-09-10 23:01:58',24),(262,'CD包音乐','http://www.cdbao.net/','2018-09-10 23:01:58',24),(263,'风云音乐','http://www.hcyy.org/','2018-09-10 23:01:58',24),(264,'听雨轩','http://www.tingyuxuan.net/','2018-09-10 23:01:58',24),(265,'至爱音乐','http://www.zhiaimusic.com/','2018-09-10 23:01:58',24),(266,'MixRNB','http://www.mixrnb.com/','2018-09-10 23:01:58',24),(267,'落网','http://www.luoo.net/','2018-09-10 23:02:25',25),(268,'清音陋室','http://www.52qingyin.cn/','2018-09-10 23:02:25',25),(269,'水手音乐','http://www.musicsailor.com/','2018-09-10 23:02:25',25),(270,'如果你能静下来','http://www.iyccd.com/','2018-09-10 23:02:25',25),(271,'Justlndie','http://indietime.lofter.com/','2018-09-10 23:02:25',25),(272,'乐之随','http://www.maninmusic.com/','2018-09-10 23:02:25',25),(273,'耳帝','https://weibo.com/eargod','2018-09-10 23:02:25',25),(274,'Houson猴姆','https://weibo.com/houson100037','2018-09-10 23:02:26',25),(275,'百度文库','https://wenku.baidu.com/','2018-09-10 23:02:50',26),(276,'360doc','http://www.360doc.com/index.html','2018-09-10 23:02:50',26),(277,'中国知网','http://www.cnki.net/','2018-09-10 23:02:50',26),(278,'MBA智库','http://doc.mbalib.com/','2018-09-10 23:02:50',26),(279,'豆丁网','http://www.docin.com/','2018-09-10 23:02:50',26),(280,'道客巴巴','http://www.doc88.com/','2018-09-10 23:02:50',26),(281,'大桔灯','http://www.dajudeng.com/','2018-09-10 23:02:50',26),(282,'IT168文库','http://wenku.it168.com/','2018-09-10 23:02:50',26),(283,'第一范文网','http://www.diyifanwen.com/','2018-09-10 23:02:50',26),(284,'哲学社会科学文献','http://www.ncpssd.org/index.aspx','2018-09-10 23:02:50',26),(285,'丁香文档','http://d.mdnews.cn/','2018-09-10 23:02:50',26),(286,'中国大学MOOC','http://www.icourse163.org/','2018-09-10 23:03:11',27),(287,'网易云课堂','http://study.163.com/','2018-09-10 23:03:11',27),(288,'腾讯课堂','https://ke.qq.com/','2018-09-10 23:03:11',27),(289,'慕课网','https://www.imooc.com/','2018-09-10 23:03:11',27),(290,'MOOC学院','https://mooc.guokr.com/','2018-09-10 23:03:11',27),(291,'蓝鸥学院','http://ok.lanou3g.com/','2018-09-10 23:03:11',27),(292,'爱课程','http://www.icourses.cn/home/','2018-09-10 23:03:11',27),(293,'我要自学网','http://www.51zxw.net/','2018-09-10 23:03:11',27),(294,'oeasy','http://oeasy.org/','2018-09-10 23:03:11',27),(295,'云路课堂','http://www.yun.lu/student/homepage','2018-09-10 23:03:12',27),(296,'考研社区','http://bbs.kaoshidian.com/resource','2018-09-10 23:03:31',28),(297,'考研帮','http://download.kaoyan.com/','2018-09-10 23:03:31',28),(298,'考研论坛','http://bbs.kaoyan.com/','2018-09-10 23:03:31',28),(299,'知识宝库','http://www.1zhao.org/','2018-09-10 23:03:31',28),(300,'辅仁网','http://bbs.freekaoyan.com/forum.php','2018-09-10 23:03:31',28),(301,'每日考研笔记','https://weibo.com/719656790','2018-09-10 23:03:31',28),(302,'考虫考研萌酱','https://weibo.com/u/5359434969','2018-09-10 23:03:31',28),(303,'文艺君考研','https://weibo.com/s1002297748','2018-09-10 23:03:31',28),(304,'找研友吧','https://weibo.com/u/5372911673','2018-09-10 23:03:31',28),(305,'考研资源库','https://weibo.com/kyqq','2018-09-10 23:03:31',28),(306,'英语魔方秀','http://www.mofunenglish.com/','2018-09-10 23:03:51',29),(307,'多邻国','http://www.duolingo.cn/','2018-09-10 23:03:51',29),(308,'美国之音','http://www.51voa.com/','2018-09-10 23:03:51',29),(309,'第一口语网','http://www.1speaking.com/','2018-09-10 23:03:51',29),(310,'大耳朵英语','http://www.bigear.cn/','2018-09-10 23:03:51',29),(311,'可可英语','http://www.kekenet.com/','2018-09-10 23:03:51',29),(312,'普特英语','http://www.putclub.com/','2018-09-10 23:03:51',29),(313,'七彩英语','http://www.qcenglish.com/','2018-09-10 23:03:51',29),(314,'扇贝','https://www.shanbay.com/','2018-09-10 23:03:52',29),(315,'千图网','http://www.58pic.com/','2018-09-10 23:04:51',30),(316,'千库网','http://588ku.com/','2018-09-10 23:04:51',30),(317,'天空之城','https://www.skypixel.com/','2018-09-10 23:04:51',30),(318,'日系素材','https://www.pakutaso.com/','2018-09-10 23:04:51',30),(319,'StockSnap','https://stocksnap.io/','2018-09-10 23:04:51',30),(320,'visualhunt','https://visualhunt.com/','2018-09-10 23:04:51',30),(321,'deviantart','https://www.deviantart.com/','2018-09-10 23:04:51',30),(322,'barnimages','https://barnimages.com/','2018-09-10 23:04:51',30),(323,'pexels','https://www.pexels.com/','2018-09-10 23:04:51',30),(324,'Pixabay','https://pixabay.com/','2018-09-10 23:04:51',30),(325,'Wallhaven','https://alpha.wallhaven.cc/','2018-09-10 23:04:51',30),(326,'gratisography','https://gratisography.com/','2018-09-10 23:04:51',30),(327,'pngimg','http://pngimg.com/','2018-09-10 23:04:51',30),(328,'500px','https://500px.com/','2018-09-10 23:04:51',30),(329,'librestock','http://librestock.com/','2018-09-10 23:04:51',30),(330,'wallions壁纸','https://wallions.com/','2018-09-10 23:04:51',30),(331,'photo stocker','http://photo.v-colors.com/','2018-09-10 23:04:51',30),(332,'freeimages','https://cn.freeimages.com/','2018-09-10 23:04:51',30),(333,'食物素材','https://www.foodiesfeed.com/','2018-09-10 23:04:51',30),(334,'汽车素材','https://www.netcarshow.com/','2018-09-10 23:04:51',30),(335,'宠物素材','http://www.cutestpaw.com/','2018-09-10 23:05:14',30),(336,'阿里巴巴图库','http://www.iconfont.cn/','2018-09-10 23:05:14',31),(337,'好图','http://www.haotu.net/','2018-09-10 23:05:14',31),(338,'icons8','https://icons8.com/','2018-09-10 23:05:14',31),(339,'easyicon','http://www.easyicon.net/','2018-09-10 23:05:14',31),(340,'flaticon','https://www.flaticon.com/','2018-09-10 23:05:14',31),(341,'iconpng','http://www.iconpng.com/','2018-09-10 23:05:14',31),(342,'thenounproject','https://thenounproject.com/','2018-09-10 23:05:14',31),(343,'iconmonstr','https://iconmonstr.com/','2018-09-10 23:05:14',31),(344,'iconarchive','http://www.iconarchive.com/','2018-09-10 23:05:14',31),(345,'veryicon','http://www.veryicon.com/','2018-09-10 23:05:15',31),(346,'fontawesome','http://fontawesome.io/','2018-09-10 23:05:15',31),(347,'iconstore','https://iconstore.co/','2018-09-10 23:05:15',31),(348,'字体之家','http://www.17ziti.com/','2018-09-10 23:05:36',32),(349,'搜字网','http://www.sozi.cn/zitidaquan/','2018-09-10 23:05:36',32),(350,'字体宝库','http://font.knowsky.com/','2018-09-10 23:05:36',32),(351,'求字体','http://www.qiuziti.com/','2018-09-10 23:05:36',32),(352,'找字网','http://www.zhaozi.cn/','2018-09-10 23:05:36',32),(353,'字体传奇','http://www.ziticq.com/','2018-09-10 23:05:36',32),(354,'字由','http://www.hellofont.cn/','2018-09-10 23:05:36',32),(355,'字体松鼠','https://www.fontsquirrel.com/','2018-09-10 23:05:36',32),(356,'第一字体','http://www.diyiziti.com/','2018-09-10 23:05:36',32),(357,'losttype','http://www.losttype.com/browse/','2018-09-10 23:05:36',32),(358,'fontfabric','http://www.fontfabric.com/','2018-09-10 23:05:36',32),(359,'fontex','http://www.fontex.org/','2018-09-10 23:05:37',32),(360,'音笑网','http://www.yisell.com/','2018-09-10 23:05:55',33),(361,'小森平音效','http://taira-komori.jpn.org/freesoundcn.html','2018-09-10 23:05:55',33),(362,'录音网','http://www.luyin.com/','2018-09-10 23:05:55',33),(363,'爱给素材','http://www.aigei.com/sound/','2018-09-10 23:05:55',33),(364,'素材吧','http://www.sucaibar.com/yinxiao/','2018-09-10 23:05:55',33),(365,'音效网','http://yinxiao.net/','2018-09-10 23:05:55',33),(366,'soundsnap','https://www.soundsnap.com/','2018-09-10 23:05:55',33),(367,'findsounds','http://www.findsounds.com/typesChinese.html','2018-09-10 23:05:56',33),(368,'知页简历','https://www.zhiyeapp.com/','2018-09-10 23:06:17',34),(369,'乔布简历','http://cv.qiaobutang.com/tpl/','2018-09-10 23:06:17',34),(370,'简历','http://www.ijianli.com/','2018-09-10 23:06:17',34),(371,'稻壳儿简历','http://list.docer.com/应用文书/?tags=简历求职','2018-09-10 23:06:17',34),(372,'officeplus','http://www.officeplus.cn/List.shtml?cat=WORD&tag=13','2018-09-10 23:06:17',34),(373,'hloom','http://www.hloom.com/resumes/','2018-09-10 23:06:18',34),(374,'优品PPT','http://www.ypppt.com/','2018-09-10 23:06:39',35),(375,'我爱PPT','http://iloveppt.cn/forum.php?mod=forumdisplay&fid=51','2018-09-10 23:06:39',35),(376,'扑奔网','http://www.pooban.com/','2018-09-10 23:06:39',35),(377,'巧办网','http://qiao88.com/pptmuban/','2018-09-10 23:06:39',35),(378,'逼格PPT','http://www.tretars.com/','2018-09-10 23:06:39',35),(379,'第1PPT','http://www.1ppt.com/','2018-09-10 23:06:39',35),(381,'pptfans','http://www.pptfans.cn/pptmuban','2018-09-10 23:06:39',35),(382,'pptstore','http://www.pptstore.net/ppt_moban/?opt=free','2018-09-10 23:06:39',35),(383,'51PPT','http://www.51pptmoban.com/','2018-09-10 23:06:39',35),(384,'PPT大学','http://www.pptschool.com/','2018-09-10 23:06:39',35),(385,'无忧PPT','http://www.51ppt.com.cn/','2018-09-10 23:06:39',35),(386,'花瓣网','http://huaban.com/','2018-09-10 23:07:03',36),(387,'幻觉','http://illusion.scene360.com/','2018-09-10 23:07:03',36),(388,'优优灵感','https://uiiiuiii.com/inspiration','2018-09-10 23:07:03',36),(389,'灵感网络','http://theinspirationgrid.com/','2018-09-10 23:07:03',36),(390,'booooooom','https://www.booooooom.com/','2018-09-10 23:07:03',36),(391,'producthunt','https://www.producthunt.com/','2018-09-10 23:07:03',36),(392,'lapa','http://www.lapa.ninja/','2018-09-10 23:07:03',36),(393,'onepagemania','https://www.onepagemania.com/','2018-09-10 23:07:03',36),(394,'artstation','https://www.artstation.com/','2018-09-10 23:07:03',36),(395,'zd423','http://www.zdfans.com/','2018-09-10 23:07:36',37),(396,'吾爱破解','https://www.52pojie.cn/','2018-09-10 23:07:36',37),(397,'IT热评','https://www.itreping.com/','2018-09-10 23:07:36',37),(398,'appinn','https://www.appinn.com/','2018-09-10 23:07:36',37),(399,'学破解','http://www.xuepojie.com/forum.php?mod=guide&view=newthread','2018-09-10 23:07:36',37),(400,'异次元软件','https://www.iplaysoft.com/','2018-09-10 23:07:36',37),(401,'鱼·后花园','https://www.fishlee.net/','2018-09-10 23:07:36',37),(402,'胡萝卜周','http://www.carrotchou.blog/','2018-09-10 23:07:36',37),(403,'绿色分享吧','http://www.lrshare.com/','2018-09-10 23:07:36',37),(404,'便携软件','https://www.portablesoft.org/','2018-09-10 23:07:36',37),(405,'软件缘','https://www.appcgn.com/','2018-09-10 23:07:36',37),(406,'th-sjy汉化博客','http://www.th-sjy.com/','2018-09-10 23:07:36',37),(407,'大眼仔','http://www.dayanzai.me/','2018-09-10 23:07:36',37),(408,'爱软客','http://www.bokeboke.net/','2018-09-10 23:07:36',37),(409,'小众软件','http://love.appinn.com/','2018-09-10 23:07:36',37),(410,'轻狂志','http://www.flighty.cn/','2018-09-10 23:07:36',37),(411,'Windows应用','https://amazing-apps.gitbooks.io/windows-apps-that-amaze-us/content/zh-CN/','2018-09-10 23:07:36',37),(412,'Mac应用','http://wangchujiang.com/awesome-mac/index.zh.html','2018-09-10 23:07:37',37),(413,'二维码生成器','https://cli.im/','2018-09-10 23:08:11',38),(414,'微博视频下载','http://www.weibovideo.com/','2018-09-10 23:08:11',38),(415,'小视频下载','http://www.downfi.com/video/','2018-09-10 23:08:11',38),(416,'短连接生成','http://dwz.cn/','2018-09-10 23:08:11',38),(417,'在线文件转换器','https://convertio.co/zh/','2018-09-10 23:08:11',38),(418,'在线排版','http://p.haoii123.com/','2018-09-10 23:08:11',38),(419,'孟坤在线','http://tool.mkblog.cn/','2018-09-10 23:08:11',38),(420,'99计算网','http://www.99cankao.com/','2018-09-10 23:08:11',38),(421,'企业信息查询','https://www.tianyancha.com/','2018-09-10 23:08:11',38),(422,'随机密码生成器','http://tool.c7sky.com/password/','2018-09-10 23:08:11',38),(423,'地图制作','https://www.ageeye.cn/','2018-09-10 23:08:11',38),(425,'淘宝优惠券查询','https://www.kooshui.com/','2018-09-10 23:08:11',38),(426,'在线工具','https://tool.lu/','2018-09-10 23:08:12',38),(427,'PS在线','http://www.uupoop.com/','2018-09-10 23:08:34',39),(428,'美图秀秀网页版','http://xiuxiu.web.meitu.com/main.html','2018-09-10 23:08:34',39),(429,'图丫丫','http://www.tuyaya.com/','2018-09-10 23:08:34',39),(430,'pho','http://editor.pho.to/zh/','2018-09-10 23:08:34',39),(431,'iLoveLMG','https://www.iloveimg.com/zh_cn','2018-09-10 23:08:34',39),(432,'在线图片优化器','http://optimizilla.com/zh/','2018-09-10 23:08:34',39),(433,'色彩笔','http://www.secaibi.com/tools/','2018-09-10 23:08:34',39),(434,'图片外链','http://www.tietuku.com/','2018-09-10 23:08:34',39),(435,'XnView','https://www.xnview.com/en/','2018-09-10 23:08:35',39),(436,'gif裁剪','https://pan.baidu.com/s/1gfGSntx','2018-09-10 23:08:58',40),(437,'soogif','http://soogif.com/','2018-09-10 23:08:58',40),(438,'撸表情','http://www.lubiaoqing.com/','2018-09-10 23:09:16',41),(439,'逗比拯救世界','http://www.bee-ji.com/','2018-09-10 23:09:16',41),(440,'斗图终结者','https://www.52doutu.cn/','2018-09-10 23:09:16',41),(441,'装逼神器','http://deepba.com/','2018-09-10 23:09:16',41),(442,'表情帝','http://www.biaoqingdi.net/','2018-09-10 23:09:16',41),(443,'斗图啦','https://www.doutula.com/','2018-09-10 23:09:16',41),(444,'Smallpdf','https://smallpdf.com/cn','2018-09-10 23:09:49',42),(445,'iLovePDF','https://www.ilovepdf.com/zh_cn','2018-09-10 23:09:49',42),(446,'pdfcandy','https://pdfcandy.com/','2018-09-10 23:09:49',42),(447,'pdf在线','http://pdf2doc.com/zh/','2018-09-10 23:09:49',42),(448,'迅捷PDF','http://app.xunjiepdf.com/','2018-09-10 23:09:49',42),(449,'在线PDF转换器','https://www.pdf2go.com/zh/','2018-09-10 23:09:49',42),(450,'GIF出处','http://www.gif521.com/forum.php?mod=forumdisplay&fid=49','2018-09-10 23:10:30',43),(451,'煎蛋妹子图','http://jandan.net/ooxx','2018-09-10 23:10:30',43),(452,'福利吧','http://f.uliba.net/','2018-09-10 23:10:30',43),(453,'宅男吧','http://zhainanba.net/','2018-09-10 23:10:30',43),(454,'桃心福利','http://txflsp.com/','2018-09-10 23:10:30',43),(455,'LU福利','http://www.lufuli.com/','2018-09-10 23:10:30',43),(456,'屌丝青年','http://www.dsqnw.com/','2018-09-10 23:10:30',43),(457,'福利梯','http://www.fuliti.com/','2018-09-10 23:10:30',43),(458,'宅男猫','http://www.zhainanmao.com/','2018-09-10 23:10:30',43),(459,'极有料','http://www.jiyouliao.com/','2018-09-10 23:10:30',43),(460,'性感图虫','https://tuchong.com/tags/性感','2018-09-10 23:10:30',43),(461,'妹子图','http://www.meizitu.com/','2018-09-10 23:10:30',43),(462,'59美女图','http://www.59pic.com/','2018-09-10 23:10:30',43),(463,'饭粒邪恶网','http://www.chufanli.com/','2018-09-10 23:10:30',43),(464,'114美图','http://www.114tuku.com/','2018-09-10 23:10:30',43),(465,'福利社','https://www.zhainanfulishe.net/','2018-09-10 23:10:30',43),(466,'糗事百科','https://www.qiushibaike.com/','2018-09-10 23:10:51',44),(467,'犯贱志','http://fanjian.net/','2018-09-10 23:10:52',44),(468,'百思不得姐','http://www.budejie.com/','2018-09-10 23:10:52',44),(469,'嘻嘻哈哈','http://www.xxhh.com/','2018-09-10 23:10:52',44),(470,'捧腹网','https://www.pengfu.com/','2018-09-10 23:10:52',44),(471,'你好污啊','https://www.nihaowua.com','2018-09-10 23:10:52',44),(472,'达速动漫区','http://www.dasudy.com/vod-type-id-3-wd--letter--year-0-area--order-hits-p-2.html','2018-09-10 23:11:14',45),(474,'人生05电影网','http://www.rs05.com/','2018-09-14 23:17:37',1),(475,'小浣熊','https://www.xiaohx.org/','2018-09-14 23:17:37',1),(476,'迅影网','http://www.xunyingwang.com/','2018-09-14 23:17:37',1),(477,'电影天堂','http://www.dygod.net/','2018-09-14 23:17:37',1),(478,'AG高清美剧','http://kmeiju7.com/','2018-09-14 23:17:37',1),(479,'bt之家','http://www.btbtt.us/','2018-09-14 23:17:37',1),(480,'影视看看','http://yskk.net/','2018-09-14 23:17:37',1),(481,'bt天堂','http://www.btbtt88.com/','2018-09-14 23:17:37',1),(483,'BD影视','http://www.bd-film.co/','2018-09-14 23:17:37',1),(484,'66影视','http://www.66ys.tv/','2018-09-14 23:17:37',1),(485,'深影论坛','http://shinybbs.info','2018-09-14 23:17:37',1),(486,'电影港','http://www.dygang.net/','2018-09-14 23:17:37',1),(487,'扬天影视','https://www.mcyt.cn/','2018-09-14 23:17:37',1),(488,'嘎嘎影视','http://www.gagays.xyz/','2018-09-14 23:17:37',1),(489,'无极电影','http://bbs.btwuji.com/','2018-09-14 23:17:37',1),(490,'蚂蚁高清','http://www.hdmayi.com/forum.php','2018-09-14 23:17:37',1),(491,'ed2000','http://www.ed2000.com/','2018-09-14 23:17:37',1),(492,'CK电影','http://www.ck180.net/','2018-09-14 23:17:37',1),(493,'龙部落','http://www.lbldy.com/','2018-09-14 23:17:37',1),(494,'飘花电影','http://www.piaohua.com/','2018-09-14 23:17:37',1),(495,'80s电影','http://www.80s.tw/','2018-09-14 23:17:37',1),(496,'6V电影','http://www.6vhao.tv/','2018-09-14 23:17:37',1),(497,'迷你mp4','http://www.minimp4.com/','2018-09-14 23:17:37',1),(498,'榴莲电影','http://www.llduang.com/','2018-09-14 23:17:37',1),(499,'viphd','http://viphd.co/','2018-09-14 23:17:37',1),(500,'瞄影网','http://www.51yundianying.com/','2018-09-14 23:17:37',1),(501,'音范丝电影','http://www.yinfans.com/','2018-09-14 23:17:37',1),(502,'蓝光网','http://www.languang.co/','2018-09-14 23:17:37',1),(503,'BT首发论坛','http://www.btshoufa.net/forum.php','2018-09-14 23:17:38',1),(504,'爱笑聚电影','http://www.aixiaoju.com/','2018-09-14 23:17:38',1),(505,'圣城家园','http://www.cnscg.com/','2018-09-14 23:17:38',1),(506,'vv电影','http://www.mp4vv.com/','2018-09-14 23:17:38',1),(507,'久久电影','http://www.99mp4.net/','2018-09-14 23:17:38',1),(508,'BT下吧','http://www.btxiaba.com/','2018-09-14 23:17:38',1),(512,'剧粉影视','http://www.jufen.xyz/','2018-09-14 23:18:59',2),(513,'狗带TV','http://www.goudaitv.com/','2018-09-14 23:18:59',2),(514,'天天看影院','http://www.ttkyy.net/','2018-09-14 23:18:59',2),(515,'新视觉影院','http://www.yy6080.org/','2018-09-14 23:18:59',2),(516,'最快影视','http://www.zuikuai.tv/','2018-09-14 23:18:59',2),(517,'零零七影视','http://www.007ts.com/','2018-09-14 23:18:59',2),(520,'范特西视频','https://www.fantasy.tv/','2018-09-14 23:18:59',2),(521,'在线之家','http://www.1993s.top/','2018-09-14 23:18:59',2),(522,'哈哩哈哩','http://www.halihali.tv/','2018-09-14 23:18:59',2),(523,'左手吃斋影视','https://www.zsczys.com/','2018-09-14 23:18:59',2),(525,'彬彬影院','http://www.binbin95.com','2018-09-14 23:18:59',2),(526,'艾玛影院','http://www.flyvp.com/','2018-09-14 23:18:59',2),(529,'bdy搜','http://www.bdysou.com/','2018-09-14 23:19:53',3),(530,'特多盘','http://www.pan66.com/','2018-09-14 23:19:53',3),(531,'盘搜搜','http://www.pansoso.com/','2018-09-14 23:19:53',3),(532,'胖次网盘','https://www.panc.cc/','2018-09-14 23:19:53',3),(533,'网盘007','https://wangpan007.com/','2018-09-14 23:19:53',3),(534,'鸵鸟搜索','http://www.tuoniao.me/','2018-09-14 23:19:53',3),(535,'史莱姆网盘','http://www.slimego.cn/','2018-09-14 23:19:53',3),(536,'58网盘','http://www.58wangpan.com/','2018-09-14 23:19:53',3),(537,'盘多多','http://www.panduoduo.net/','2018-09-14 23:19:53',3),(538,'我的盘','http://www.wodepan.com/','2018-09-14 23:19:53',3),(539,'搜百度盘','http://www.sobaidupan.com/','2018-09-14 23:19:53',3),(540,'特百度','http://www.tebaidu.com/','2018-09-14 23:19:53',3),(541,'西林街','http://www.xilinjie.com/','2018-09-14 23:19:53',3),(542,'盘搜','http://pansou.com/','2018-09-14 23:19:54',3),(545,'BT人人','http://www.btrenren.com/','2018-09-14 23:20:53',4),(546,'飞客BT','http://www.feikebt.com/','2018-09-14 23:20:53',4),(547,'燕子BT','http://www.54new.com/','2018-09-14 23:20:53',4),(548,'BT影迷之家','http://www.btbbt.org/','2018-09-14 23:20:53',4),(549,'种子狗','http://www.zhongzigou.co','2018-09-14 23:20:53',4),(550,'591mov','https://591mov.com/zh-hans/','2018-09-14 23:20:53',4),(551,'BT kitty','http://btkitty.fyi/','2018-09-14 23:20:53',4),(552,'btlibrary','http://btlibrary.xyz/','2018-09-14 23:20:53',4),(553,'rarbg','https://rarbg.is/torrents.php','2018-09-14 23:21:31',5),(554,'lime','https://limetorrents.unblocked.pl/','2018-09-14 23:21:31',5),(555,'Monova','https://monova.org/','2018-09-14 23:21:31',5),(556,'俄站','http://rutracker.org/forum/index.php','2018-09-14 23:21:31',5),(557,'eztv美剧','https://eztv.ag/','2018-09-14 23:21:31',5),(558,'片源网','http://pianyuan.net/','2018-09-14 23:21:31',5),(559,'torrentking','https://torrentking.eu/','2018-09-14 23:21:31',5);
